Tweet,id_str
Con S Mina de revulsivoüî• https://t.co/dz3d9eC3Bm,1
90' | 1-2 | Toca ara el Val√®ncia i controla la pilota #M√°lagaValencia #ElPartitPuntoPenalti @puntopenaltiVLC,2
You don‚Äôt see this often!! ü¶á https://t.co/CkIiZfNwxV,3
5 minutos mas???...se ha pasado muuucho el √°rbitro... Amunt #ValenciaCF #MalagaValencia,4
"RT @LaLiga: Si eres del @valenciacf, te vas a emocionar... üòçüò¢

En 2002, el equipo che venc√≠a en La Rosaleda con goles de Ayala y F√°bio Aur√©‚Ä¶",5
"RT @valenciacf: ¬°As√≠ da gusto, qu√© bonita eres M√°laga! üôã‚Äç‚ôÇÔ∏èü§ü

#M√°lagaValencia https://t.co/YZDI6T96zF",6
"RT @LaLiga: ¬°El @MalagaCF de Pellegrini enamoraba a La Rosaleda! üíô

#M√°lagaValencia https://t.co/byhEH2ZQNr",7
"RT @valenciacf: 1-1 | 79' ‚è±Ô∏è | ¬°GOOOOOOOOOL GOOOOOOOOOL GOOOOOOOOOOOOL DE COQUEEELIN!

#M√°lagaValencia https://t.co/5jegRmP04f",8
Gol de Parejo de penalti en los √∫ltimos diez minutos. Da igual cuando leas esto. https://t.co/PUqIpchydU,9
"RT @valenciacf: 1-2 | 90' ‚è±Ô∏è | Se a√±aden 5 minutos. 

#M√°lagaValencia",10
90' | 1-2 | Falta amb perill per la Val√®ncia #M√°lagaValencia #ElPartitPuntoPenalti @puntopenaltiVLC,11
Coquelin scores an actual goal! https://t.co/QZQWyCRlRx,12
"Puto @valenciacf que nos haces padecer, estoy m√°s nervioso en 5 minutos que en todo el partido
#M√°lagaValencia",13
"RT @valenciacf_en: 1-1 | 80' | GOOOOOOOOAL! COQUELIN MAKES IT 1-1! GET IN!

#M√°lagaValencia https://t.co/R2T3GtMOS4",14
SUUUIIIIIIIIIIII https://t.co/mD9arIQVWR,15
RT @sergiollorens: #MalagaValencia Los @arbitrosrfef son los peores de Europa. Malos de solemnidad. Habr√≠a que cambiarlos a todos.,16
Vaya 3 puntos important√≠simos (si nos los acabamos llevando hoy). #MalagaValencia #Amunt,17
"RT @ESbeINSPORTS: Gooooooooool del @valenciacf, goooooooooooool de Coquelin que le da el empate a 10 minutos del final #M√°lagaValencia http‚Ä¶",18
"RT @sarahhandleyx: Need to see how he celebrated this asap, always imagined him self combusting if he had scored at arsenal https://t.co/F9‚Ä¶",19
How I wanted to watch him celebrate his first Arsenal goal https://t.co/0jwE4xaVHD,20
"Earthquake in Heath, Cow scoring. Welcome to Armageddon https://t.co/wuG4VT1q66",21
üëÄüëÄüëÄ https://t.co/F8uRfGawA0,22
SE ME HA PUESTO COMO UN TANQUE APUNTANDO A UN CAMPANARIO. https://t.co/MIc2UHUK4r,23
Me va a hacer el Fantasy el solo https://t.co/9Nh2WR1tJt,24
"RT @LaLigaEN: Nigeria Super Eagle @OfficialIdeye scores his first goal for @MalagaCF_en in #LaLiga! üá≥üá¨‚öΩ

#MalagaValencia https://t.co/mVPop‚Ä¶",25
"RT @valenciacf: 1-2 | 83' ‚è±Ô∏è | ¬°GOOOOOOOL GOOOOOOOL GOOOOOOOL DE @DaniParejo! ¬°GOOOOOOOOOOOOOOOOOOOOOOOOOOL! 

#M√°lagaValencia https://t.co‚Ä¶",26
YESSSSSSSSS https://t.co/vPZjD51kPS,27
The Man!!! VAMOS https://t.co/Rkr1uz9hvc,28
#MalagaValencia No ser√≠a m√°s f√°cil para los √°rbitros de la liga fusilar a los jugadores del M√°laga y as√≠ terminaban antes?,29
#MalagaValencia. Que poca verg√ºenza de arbitro..Otro partido que se han cargado ..Claro tenia que ganar el Valencia‚Ä¶ https://t.co/rcpcm7yURz,30
Los galones y un penalti que no se dio de cometer sentencia al @MalagaCF 1-2 #MalagaValencia #LaLigaSantander,31
RT @Solerismo: SE ME HA PUESTO COMO UN TANQUE APUNTANDO A UN CAMPANARIO. https://t.co/MIc2UHUK4r,32
"No digo que no sea falta la de que hubiera sido el 2.0 del #M√°laga al #Valencia. Pero si hubiera sido al rev√©s, la‚Ä¶ https://t.co/kyf6t3wxBE",33
"RT @valenciacf_vale: 1-2 | 83' ‚è±Ô∏è | ¬°GOOOOOOOL GOOOOOOOL GOOOOOOOL DE @DaniParejo! GOOOOOOOOOOOOOOOOOOOOOOOOOOL! 

#M√°lagaValencia https://‚Ä¶",34
RT @eromzy: What! Coquelin scored for Valencia? And in 100 years he never scored for us. Damn it. https://t.co/zLUuWKta1F,35
nah I don‚Äôt believe this. this man in 8 years did not score 1 damn goal for Arsenal. https://t.co/Oa4mY3gTFl,36
üò≠üò≠üò≠üò≠üò≠üò≠ https://t.co/e9x9sUy3R7,37
RT @1899barsa: Sigo llorando üò≠üò≠ @anaalthani #M√°lagaValencia https://t.co/TifFp7SSbn,38
RT @AubaSprint: Pogba is poor mans Coquelin https://t.co/jeP2K0hOJy,39
What https://t.co/hO5fEh2GiN,40
Las caritas de los aficionados del M√°laga son un poema. Todo lo contrario q cuando pierden con el Madrid. Ese d√≠a n‚Ä¶ https://t.co/kQuI8GbarB,41
"RT @ESbeINSPORTS: Goooooooooooool del @valenciacf, goooooooool de @daniparejo de penalti, Ignasi Miquel se fue expulsado por cometer el pen‚Ä¶",42
"RT @28_baeza: El segundo gol del M√°laga era totalmente legal. Segunda semana consecutiva que los √°rbitros os llevan de la mano pero claro,‚Ä¶",43
üòÇ https://t.co/OqJtK577yk,44
